player,train_size,draw,n_shots,model,log_loss,brier,accuracy,roc_auc,ece,ll_skill_%,bs_skill_%,acc_skill_%,reliability,resolution,uncertainty
Stephen Curry,10,0,127,intercept_only,0.6919,0.2494,0.5262,0.5,0.006486,-,-,-,4.2e-05,0.0,0.249315
Stephen Curry,10,0,127,binned_EB,0.6947,0.2508,0.5124,0.4925,0.031746,-0.41,-0.56,-2.62,0.002123,0.001434,0.249315
Stephen Curry,10,0,127,logistic_RBF,0.8529,0.3003,0.5069,0.492,0.175706,-23.26,-20.43,-3.67,0.054679,0.003171,0.249315
Stephen Curry,10,0,127,gp_location,0.7168,0.2613,0.4931,0.4811,0.089587,-3.6,-4.78,-6.29,0.012314,0.000805,0.249315
Stephen Curry,10,1,149,intercept_only,0.6918,0.2493,0.5262,0.5,0.002681,-,-,-,7e-06,0.0,0.249315
Stephen Curry,10,1,149,binned_EB,0.7357,0.2688,0.5179,0.4843,0.107374,-6.35,-7.81,-1.58,0.023587,0.00474,0.249315
Stephen Curry,10,1,149,logistic_RBF,0.9907,0.3217,0.5041,0.4898,0.222043,-43.21,-29.04,-4.19,0.073544,0.003735,0.249315
Stephen Curry,10,1,149,gp_location,0.7151,0.2602,0.5179,0.5118,0.081361,-3.37,-4.37,-1.58,0.010838,0.000653,0.249315
Stephen Curry,10,2,131,intercept_only,0.6948,0.2508,0.5262,0.5,0.038715,-,-,-,0.001499,0.0,0.249315
Stephen Curry,10,2,131,binned_EB,0.7053,0.2557,0.5234,0.5256,0.08492,-1.51,-1.94,-0.53,0.010792,0.003963,0.249315
Stephen Curry,10,2,131,logistic_RBF,0.9211,0.3104,0.4959,0.4821,0.198943,-32.57,-23.78,-5.76,0.067201,0.007533,0.249315
Stephen Curry,10,2,131,gp_location,0.7311,0.2667,0.4848,0.4874,0.119823,-5.22,-6.34,-7.86,0.019322,0.004392,0.249315
Stephen Curry,10,3,140,intercept_only,0.6947,0.2508,0.5262,0.5,0.038115,-,-,-,0.001453,0.0,0.249315
Stephen Curry,10,3,140,binned_EB,0.6947,0.2508,0.5262,0.5062,0.038143,-0.0,0.01,-0.01,0.001455,0.0,0.249315
Stephen Curry,10,3,140,logistic_RBF,0.7733,0.2778,0.551,0.5472,0.13245,-11.32,-10.77,4.71,0.034335,0.00714,0.249315
Stephen Curry,10,3,140,gp_location,0.7014,0.2536,0.5124,0.522,0.062873,-0.96,-1.12,-2.62,0.006557,0.001151,0.249315
Stephen Curry,10,4,146,intercept_only,0.6961,0.2515,0.4738,0.5,0.046719,-,-,-,0.002183,0.0,0.249315
Stephen Curry,10,4,146,binned_EB,0.6961,0.2515,0.4738,0.5032,0.046732,-0.01,0.0,0.01,0.002184,0.0,0.249315
Stephen Curry,10,4,146,logistic_RBF,0.7768,0.2781,0.5344,0.554,0.161249,-11.6,-10.58,12.8,0.038785,0.008142,0.249315
Stephen Curry,10,4,146,gp_location,0.7033,0.2549,0.5096,0.5262,0.065401,-1.04,-1.33,7.56,0.006887,0.00069,0.249315
Stephen Curry,20,0,249,intercept_only,0.6939,0.2503,0.5262,0.5,0.032062,-,-,-,0.001028,0.0,0.249315
Stephen Curry,20,0,249,binned_EB,0.6969,0.2517,0.5482,0.5145,0.043249,-0.43,-0.56,4.18,0.004296,0.002295,0.249315
Stephen Curry,20,0,249,logistic_RBF,0.7597,0.2686,0.5455,0.5493,0.109917,-9.48,-7.33,3.66,0.023918,0.004569,0.249315
Stephen Curry,20,0,249,gp_location,0.7014,0.2538,0.5179,0.5235,0.066317,-1.08,-1.42,-1.58,0.005678,0.00189,0.249315
Stephen Curry,20,1,244,intercept_only,0.6937,0.2503,0.5262,0.5,0.031206,-,-,-,0.000974,0.0,0.249315
Stephen Curry,20,1,244,binned_EB,0.6973,0.2518,0.5317,0.525,0.055068,-0.52,-0.59,1.04,0.006709,0.001733,0.249315
Stephen Curry,20,1,244,logistic_RBF,0.7776,0.2763,0.5152,0.5268,0.138141,-12.1,-10.39,-2.1,0.028898,0.003472,0.249315
Stephen Curry,20,1,244,gp_location,0.719,0.2615,0.5179,0.5009,0.072941,-3.65,-4.46,-1.58,0.01205,0.000782,0.249315
Stephen Curry,20,2,271,intercept_only,0.6948,0.2508,0.5262,0.5,0.038405,-,-,-,0.001475,0.0,0.249315
Stephen Curry,20,2,271,binned_EB,0.6978,0.2523,0.5262,0.4889,0.04995,-0.44,-0.58,-0.01,0.003858,0.000639,0.249315
Stephen Curry,20,2,271,logistic_RBF,0.7835,0.2801,0.5124,0.5298,0.157387,-12.77,-11.68,-2.62,0.0373,0.006497,0.249315
Stephen Curry,20,2,271,gp_location,0.6994,0.2528,0.5344,0.5388,0.056758,-0.66,-0.79,1.57,0.007329,0.002899,0.249315
Stephen Curry,20,3,289,intercept_only,0.6929,0.2499,0.5262,0.5,0.024002,-,-,-,0.000576,0.0,0.249315
Stephen Curry,20,3,289,binned_EB,0.703,0.2546,0.5344,0.5022,0.060237,-1.45,-1.88,1.57,0.006323,0.001144,0.249315
Stephen Curry,20,3,289,logistic_RBF,0.8331,0.2966,0.4986,0.5071,0.199188,-20.23,-18.68,-5.24,0.051457,0.005542,0.249315
Stephen Curry,20,3,289,gp_location,0.7156,0.2602,0.5069,0.5234,0.106732,-3.28,-4.12,-3.67,0.015187,0.003683,0.249315
Stephen Curry,20,4,267,intercept_only,0.6926,0.2497,0.5262,0.5,0.020553,-,-,-,0.000422,0.0,0.249315
Stephen Curry,20,4,267,binned_EB,0.694,0.2504,0.5289,0.4887,0.014359,-0.2,-0.28,0.52,0.000328,0.000373,0.249315
Stephen Curry,20,4,267,logistic_RBF,0.7307,0.2647,0.5372,0.5537,0.120198,-5.5,-6.03,2.09,0.019618,0.006267,0.249315
Stephen Curry,20,4,267,gp_location,0.6945,0.2506,0.5372,0.54,0.034497,-0.28,-0.35,2.09,0.001824,0.001791,0.249315
Stephen Curry,30,0,415,intercept_only,0.6919,0.2494,0.5262,0.5,0.006359,-,-,-,4e-05,0.0,0.249315
Stephen Curry,30,0,415,binned_EB,0.6923,0.2496,0.5399,0.5265,0.011255,-0.06,-0.08,2.61,0.000215,0.000954,0.249315
Stephen Curry,30,0,415,logistic_RBF,0.741,0.2676,0.5482,0.5361,0.096585,-7.09,-7.3,4.18,0.024056,0.006889,0.249315
Stephen Curry,30,0,415,gp_location,0.7033,0.2549,0.4904,0.5044,0.077773,-1.65,-2.19,-6.81,0.007551,0.001998,0.249315
Stephen Curry,30,1,370,intercept_only,0.6919,0.2494,0.5262,0.5,0.006262,-,-,-,3.9e-05,0.0,0.249315
Stephen Curry,30,1,370,binned_EB,0.6955,0.251,0.5372,0.5193,0.026332,-0.52,-0.66,2.09,0.001249,0.000717,0.249315
Stephen Curry,30,1,370,logistic_RBF,0.7458,0.2723,0.5234,0.5166,0.115288,-7.79,-9.2,-0.53,0.021612,0.001584,0.249315
Stephen Curry,30,1,370,gp_location,0.7007,0.2535,0.5289,0.524,0.048795,-1.28,-1.66,0.52,0.009232,0.005437,0.249315
Stephen Curry,30,2,366,intercept_only,0.6934,0.2501,0.5262,0.5,0.028474,-,-,-,0.000811,0.0,0.249315
Stephen Curry,30,2,366,binned_EB,0.7013,0.2538,0.5344,0.5054,0.04766,-1.14,-1.47,1.57,0.007033,0.001511,0.249315
Stephen Curry,30,2,366,logistic_RBF,0.7721,0.2781,0.5262,0.5262,0.143339,-11.34,-11.19,-0.01,0.032062,0.004063,0.249315
Stephen Curry,30,2,366,gp_location,0.7006,0.2533,0.5207,0.5247,0.052785,-1.03,-1.28,-1.05,0.00494,0.000333,0.249315
Stephen Curry,30,3,396,intercept_only,0.6922,0.2495,0.5262,0.5,0.014233,-,-,-,0.000203,0.0,0.249315
Stephen Curry,30,3,396,binned_EB,0.6971,0.2518,0.5427,0.5036,0.039031,-0.71,-0.93,3.14,0.004796,0.002797,0.249315
Stephen Curry,30,3,396,logistic_RBF,0.7671,0.2774,0.5207,0.512,0.127546,-10.83,-11.18,-1.05,0.028906,0.003008,0.249315
Stephen Curry,30,3,396,gp_location,0.7,0.2532,0.5289,0.5297,0.052659,-1.12,-1.47,0.52,0.004555,0.000877,0.249315
Stephen Curry,30,4,395,intercept_only,0.6918,0.2493,0.5262,0.5,0.002943,-,-,-,9e-06,0.0,0.249315
Stephen Curry,30,4,395,binned_EB,0.7052,0.2557,0.5289,0.5074,0.058712,-1.93,-2.59,0.52,0.007335,0.000863,0.249315
Stephen Curry,30,4,395,logistic_RBF,0.7408,0.269,0.5069,0.5242,0.136576,-7.08,-7.89,-3.67,0.022268,0.005754,0.249315
Stephen Curry,30,4,395,gp_location,0.7027,0.2544,0.5179,0.5213,0.070991,-1.57,-2.06,-1.58,0.008251,0.002054,0.249315
Stephen Curry,40,0,537,intercept_only,0.6923,0.2496,0.5262,0.5,0.015729,-,-,-,0.000247,0.0,0.249315
Stephen Curry,40,0,537,binned_EB,0.6992,0.2529,0.5399,0.4759,0.025128,-0.99,-1.31,2.61,0.003684,0.002238,0.249315
Stephen Curry,40,0,537,logistic_RBF,0.7083,0.2568,0.5537,0.5427,0.119393,-2.31,-2.88,5.23,0.018452,0.012549,0.249315
Stephen Curry,40,0,537,gp_location,0.6957,0.2511,0.5317,0.536,0.046079,-0.5,-0.61,1.04,0.002165,0.001597,0.249315
Stephen Curry,40,1,535,intercept_only,0.6919,0.2494,0.5262,0.5,0.008409,-,-,-,7.1e-05,0.0,0.249315
Stephen Curry,40,1,535,binned_EB,0.7058,0.2559,0.5289,0.5036,0.060699,-2.01,-2.62,0.52,0.006329,0.001391,0.249315
Stephen Curry,40,1,535,logistic_RBF,0.7241,0.2628,0.5317,0.5422,0.101292,-4.66,-5.36,1.04,0.017511,0.002976,0.249315
Stephen Curry,40,1,535,gp_location,0.6961,0.2514,0.5207,0.5407,0.062064,-0.61,-0.79,-1.05,0.005768,0.00431,0.249315
Stephen Curry,40,2,543,intercept_only,0.6925,0.2497,0.5262,0.5,0.018949,-,-,-,0.000359,0.0,0.249315
Stephen Curry,40,2,543,binned_EB,0.7018,0.2541,0.5372,0.5095,0.051883,-1.34,-1.77,2.09,0.004985,0.001957,0.249315
Stephen Curry,40,2,543,logistic_RBF,0.7201,0.2611,0.5234,0.5393,0.106407,-3.99,-4.56,-0.53,0.014629,0.003165,0.249315
Stephen Curry,40,2,543,gp_location,0.7012,0.2536,0.5207,0.5306,0.064961,-1.25,-1.55,-1.05,0.005958,0.00032,0.249315
Stephen Curry,40,3,557,intercept_only,0.6936,0.2502,0.5262,0.5,0.030382,-,-,-,0.000923,0.0,0.249315
Stephen Curry,40,3,557,binned_EB,0.702,0.2542,0.5262,0.4931,0.055504,-1.21,-1.61,-0.01,0.008209,0.002402,0.249315
Stephen Curry,40,3,557,logistic_RBF,0.7123,0.2587,0.4766,0.5288,0.137798,-2.69,-3.39,-9.43,0.021217,0.01042,0.249315
Stephen Curry,40,3,557,gp_location,0.6919,0.2494,0.5262,0.541,0.043392,0.24,0.32,-0.01,0.001944,0.001535,0.249315
Stephen Curry,40,4,564,intercept_only,0.6921,0.2495,0.5262,0.5,0.012836,-,-,-,0.000165,0.0,0.249315
Stephen Curry,40,4,564,binned_EB,0.7083,0.2571,0.5372,0.4786,0.080754,-2.34,-3.06,2.09,0.010101,0.003589,0.249315
Stephen Curry,40,4,564,logistic_RBF,0.7139,0.2592,0.5234,0.5351,0.102523,-3.15,-3.87,-0.53,0.01536,0.005914,0.249315
Stephen Curry,40,4,564,gp_location,0.6966,0.2515,0.5399,0.5319,0.027658,-0.64,-0.8,2.61,0.001777,0.003072,0.249315
Stephen Curry,50,0,646,intercept_only,0.6921,0.2495,0.5262,0.5,0.012529,-,-,-,0.000157,0.0,0.249315
Stephen Curry,50,0,646,binned_EB,0.6996,0.2531,0.5455,0.4863,0.037508,-1.09,-1.46,3.66,0.005297,0.003516,0.249315
Stephen Curry,50,0,646,logistic_RBF,0.7123,0.2585,0.5317,0.5305,0.072862,-2.92,-3.61,1.04,0.011031,0.003164,0.249315
Stephen Curry,50,0,646,gp_location,0.6927,0.2497,0.5096,0.5393,0.051353,-0.09,-0.08,-3.15,0.004099,0.001325,0.249315
Stephen Curry,50,1,661,intercept_only,0.693,0.2499,0.5262,0.5,0.02451,-,-,-,0.000601,0.0,0.249315
Stephen Curry,50,1,661,binned_EB,0.7071,0.2567,0.5399,0.4681,0.072047,-2.04,-2.71,2.61,0.009616,0.004163,0.249315
Stephen Curry,50,1,661,logistic_RBF,0.7157,0.2594,0.551,0.5418,0.090553,-3.27,-3.8,4.71,0.012544,0.003865,0.249315
Stephen Curry,50,1,661,gp_location,0.6977,0.2519,0.5289,0.5416,0.054396,-0.67,-0.8,0.52,0.005733,0.001347,0.249315
Stephen Curry,50,2,681,intercept_only,0.692,0.2494,0.5262,0.5,0.009806,-,-,-,9.6e-05,0.0,0.249315
Stephen Curry,50,2,681,binned_EB,0.708,0.257,0.5262,0.4782,0.061522,-2.31,-3.07,-0.01,0.008746,0.002213,0.249315
Stephen Curry,50,2,681,logistic_RBF,0.7228,0.2632,0.5317,0.5173,0.084718,-4.45,-5.52,1.04,0.015488,0.004602,0.249315
Stephen Curry,50,2,681,gp_location,0.6974,0.2518,0.5262,0.534,0.049059,-0.78,-0.98,-0.01,0.004756,0.002984,0.249315
Stephen Curry,50,3,655,intercept_only,0.6924,0.2496,0.5262,0.5,0.017341,-,-,-,0.000301,0.0,0.249315
Stephen Curry,50,3,655,binned_EB,0.704,0.2552,0.5289,0.4907,0.060908,-1.68,-2.23,0.52,0.008715,0.002868,0.249315
Stephen Curry,50,3,655,logistic_RBF,0.7152,0.2592,0.5317,0.5438,0.111015,-3.3,-3.86,1.04,0.016641,0.005625,0.249315
Stephen Curry,50,3,655,gp_location,0.6949,0.2505,0.5317,0.5491,0.050211,-0.37,-0.37,1.04,0.004684,0.002047,0.249315
Stephen Curry,50,4,665,intercept_only,0.692,0.2494,0.5262,0.5,0.010671,-,-,-,0.000114,0.0,0.249315
Stephen Curry,50,4,665,binned_EB,0.6996,0.253,0.5344,0.4992,0.046117,-1.09,-1.45,1.57,0.007733,0.002848,0.249315
Stephen Curry,50,4,665,logistic_RBF,0.7161,0.2607,0.5289,0.5194,0.096552,-3.48,-4.53,0.52,0.016455,0.005981,0.249315
Stephen Curry,50,4,665,gp_location,0.697,0.2518,0.5262,0.5273,0.046027,-0.72,-0.96,-0.01,0.003802,0.001793,0.249315
LeBron James,10,0,175,intercept_only,0.6846,0.2457,0.5714,0.5,0.028571,-,-,-,0.000816,0.0,0.244898
LeBron James,10,0,175,binned_EB,0.6566,0.232,0.6253,0.6364,0.046917,4.09,5.56,9.44,0.003259,0.014793,0.244898
LeBron James,10,0,175,logistic_RBF,0.7097,0.2449,0.6307,0.6326,0.114694,-3.66,0.35,10.38,0.022302,0.020694,0.244898
LeBron James,10,0,175,gp_location,0.6576,0.2322,0.628,0.6418,0.053381,3.94,5.48,9.91,0.003223,0.013689,0.244898
LeBron James,10,1,180,intercept_only,0.6844,0.2456,0.5714,0.5,0.026984,-,-,-,0.000728,0.0,0.244898
LeBron James,10,1,180,binned_EB,0.6567,0.2321,0.6146,0.6306,0.045715,4.05,5.51,7.55,0.004244,0.015931,0.244898
LeBron James,10,1,180,logistic_RBF,0.7347,0.2588,0.6038,0.6235,0.152639,-7.35,-5.39,5.67,0.029678,0.015743,0.244898
LeBron James,10,1,180,gp_location,0.6791,0.242,0.6038,0.6332,0.100967,0.78,1.47,5.67,0.015564,0.020395,0.244898
LeBron James,10,2,158,intercept_only,0.6926,0.2495,0.5714,0.5,0.067812,-,-,-,0.004598,0.0,0.244898
LeBron James,10,2,158,binned_EB,0.6512,0.2295,0.5984,0.6431,0.049877,5.97,8.0,4.72,0.004536,0.019523,0.244898
LeBron James,10,2,158,logistic_RBF,0.8719,0.2807,0.5849,0.5722,0.171528,-25.89,-12.51,2.36,0.053179,0.017639,0.244898
LeBron James,10,2,158,gp_location,0.6607,0.2336,0.6523,0.645,0.066981,4.61,6.38,14.16,0.006339,0.019624,0.244898
LeBron James,10,3,180,intercept_only,0.6896,0.2481,0.5714,0.5,0.056349,-,-,-,0.003175,0.0,0.244898
LeBron James,10,3,180,binned_EB,0.6513,0.2297,0.6253,0.656,0.056293,5.55,7.42,9.44,0.004493,0.017934,0.244898
LeBron James,10,3,180,logistic_RBF,0.738,0.2525,0.6173,0.6027,0.115165,-7.01,-1.77,8.02,0.029341,0.023133,0.244898
LeBron James,10,3,180,gp_location,0.6715,0.2382,0.6442,0.6119,0.09623,2.62,4.0,12.74,0.011088,0.018723,0.244898
LeBron James,10,4,177,intercept_only,0.683,0.2449,0.5714,0.5,0.006457,-,-,-,4.2e-05,0.0,0.244898
LeBron James,10,4,177,binned_EB,0.6573,0.2323,0.6388,0.6075,0.023952,3.76,5.14,11.8,0.002852,0.016516,0.244898
LeBron James,10,4,177,logistic_RBF,0.7885,0.2614,0.6173,0.6064,0.140996,-15.44,-6.72,8.02,0.035285,0.017827,0.244898
LeBron James,10,4,177,gp_location,0.665,0.2338,0.6631,0.6391,0.1024,2.64,4.55,16.04,0.019279,0.03101,0.244898
LeBron James,20,0,387,intercept_only,0.6838,0.2453,0.5714,0.5,0.020303,-,-,-,0.000412,0.0,0.244898
LeBron James,20,0,387,binned_EB,0.6474,0.2277,0.6496,0.6407,0.024878,5.33,7.19,13.68,0.001534,0.018406,0.244898
LeBron James,20,0,387,logistic_RBF,0.7138,0.2519,0.6119,0.5978,0.106731,-4.39,-2.7,7.08,0.018546,0.013161,0.244898
LeBron James,20,0,387,gp_location,0.6608,0.2339,0.628,0.6295,0.045131,3.36,4.66,9.91,0.004349,0.014016,0.244898
LeBron James,20,1,383,intercept_only,0.683,0.245,0.5714,0.5,0.00746,-,-,-,5.6e-05,0.0,0.244898
LeBron James,20,1,383,binned_EB,0.6497,0.2282,0.6361,0.6585,0.0442,4.87,6.84,11.33,0.002947,0.019327,0.244898
LeBron James,20,1,383,logistic_RBF,0.7431,0.2591,0.6038,0.6062,0.142885,-8.79,-5.74,5.67,0.035959,0.021794,0.244898
LeBron James,20,1,383,gp_location,0.6726,0.2388,0.6199,0.6116,0.090414,1.52,2.53,8.5,0.009866,0.017712,0.244898
LeBron James,20,2,364,intercept_only,0.6837,0.2453,0.5714,0.5,0.019231,-,-,-,0.00037,0.0,0.244898
LeBron James,20,2,364,binned_EB,0.6483,0.228,0.6523,0.6472,0.042292,5.18,7.07,14.16,0.002504,0.019038,0.244898
LeBron James,20,2,364,logistic_RBF,0.7085,0.2443,0.6038,0.632,0.105583,-3.62,0.4,5.67,0.020457,0.021055,0.244898
LeBron James,20,2,364,gp_location,0.6607,0.2329,0.6415,0.644,0.064663,3.37,5.04,12.27,0.008033,0.018421,0.244898
LeBron James,20,3,370,intercept_only,0.6846,0.2457,0.5714,0.5,0.028571,-,-,-,0.000816,0.0,0.244898
LeBron James,20,3,370,binned_EB,0.6665,0.2368,0.5714,0.6095,0.033244,2.65,3.63,0.01,0.007036,0.012815,0.244898
LeBron James,20,3,370,logistic_RBF,0.7036,0.2475,0.6038,0.6054,0.087544,-2.77,-0.73,5.67,0.013845,0.011307,0.244898
LeBron James,20,3,370,gp_location,0.6565,0.2321,0.6361,0.6446,0.035283,4.1,5.54,11.33,0.00187,0.016768,0.244898
LeBron James,20,4,415,intercept_only,0.6829,0.2449,0.5714,0.5,0.002754,-,-,-,8e-06,0.0,0.244898
LeBron James,20,4,415,binned_EB,0.6525,0.2299,0.6496,0.6277,0.044117,4.45,6.13,13.68,0.004469,0.018794,0.244898
LeBron James,20,4,415,logistic_RBF,0.7381,0.2561,0.6146,0.6052,0.123803,-8.08,-4.56,7.55,0.031366,0.022664,0.244898
LeBron James,20,4,415,gp_location,0.6767,0.2389,0.6361,0.62,0.104907,0.9,2.44,11.33,0.019883,0.025128,0.244898
LeBron James,30,0,563,intercept_only,0.6871,0.2469,0.5714,0.5,0.044912,-,-,-,0.002017,0.0,0.244898
LeBron James,30,0,563,binned_EB,0.6539,0.2304,0.6523,0.6284,0.062932,4.83,6.66,14.16,0.005322,0.020327,0.244898
LeBron James,30,0,563,logistic_RBF,0.6877,0.2419,0.6226,0.6186,0.084063,-0.08,2.03,8.97,0.012311,0.012574,0.244898
LeBron James,30,0,563,gp_location,0.6622,0.2339,0.6469,0.6356,0.079756,3.62,5.28,13.21,0.007339,0.017381,0.244898
LeBron James,30,1,588,intercept_only,0.6829,0.2449,0.5714,0.5,0.001701,-,-,-,3e-06,0.0,0.244898
LeBron James,30,1,588,binned_EB,0.646,0.2268,0.6523,0.6641,0.057808,5.4,7.4,14.16,0.00483,0.023519,0.244898
LeBron James,30,1,588,logistic_RBF,0.6813,0.2397,0.6146,0.6323,0.086129,0.24,2.14,7.55,0.017357,0.020995,0.244898
LeBron James,30,1,588,gp_location,0.6622,0.2344,0.6199,0.635,0.088548,3.04,4.3,8.5,0.013094,0.022672,0.244898
LeBron James,30,2,527,intercept_only,0.6829,0.2449,0.5714,0.5,0.000271,-,-,-,0.0,0.0,0.244898
LeBron James,30,2,527,binned_EB,0.6614,0.2341,0.6442,0.6173,0.067525,3.15,4.39,12.74,0.0069,0.017295,0.244898
LeBron James,30,2,527,logistic_RBF,0.7036,0.2464,0.5876,0.6215,0.109438,-3.03,-0.61,2.84,0.019168,0.016984,0.244898
LeBron James,30,2,527,gp_location,0.673,0.2383,0.6226,0.6253,0.065236,1.45,2.7,8.97,0.009633,0.015133,0.244898
LeBron James,30,3,581,intercept_only,0.6831,0.245,0.5714,0.5,0.010327,-,-,-,0.000107,0.0,0.244898
LeBron James,30,3,581,binned_EB,0.6591,0.2328,0.6307,0.6377,0.042329,3.52,4.99,10.38,0.002674,0.015433,0.244898
LeBron James,30,3,581,logistic_RBF,0.698,0.2473,0.5849,0.6057,0.102286,-2.18,-0.96,2.36,0.017005,0.014975,0.244898
LeBron James,30,3,581,gp_location,0.6657,0.2358,0.6146,0.6294,0.049679,2.55,3.75,7.55,0.003712,0.010822,0.244898
LeBron James,30,4,546,intercept_only,0.6857,0.2462,0.5714,0.5,0.03663,-,-,-,0.001342,0.0,0.244898
LeBron James,30,4,546,binned_EB,0.6488,0.2282,0.6523,0.637,0.034869,5.38,7.31,14.16,0.001958,0.018596,0.244898
LeBron James,30,4,546,logistic_RBF,0.7223,0.2468,0.6415,0.6146,0.124597,-5.34,-0.22,12.27,0.024134,0.022542,0.244898
LeBron James,30,4,546,gp_location,0.6637,0.2344,0.6388,0.6234,0.056962,3.21,4.8,11.8,0.004482,0.016714,0.244898
LeBron James,40,0,765,intercept_only,0.6832,0.245,0.5714,0.5,0.011578,-,-,-,0.000134,0.0,0.244898
LeBron James,40,0,765,binned_EB,0.6481,0.2278,0.6523,0.649,0.042324,5.13,7.03,14.16,0.002414,0.018979,0.244898
LeBron James,40,0,765,logistic_RBF,0.674,0.2376,0.6334,0.6292,0.08132,1.35,3.01,10.85,0.011832,0.018288,0.244898
LeBron James,40,0,765,gp_location,0.658,0.2322,0.6307,0.6378,0.048617,3.69,5.21,10.38,0.004008,0.014484,0.244898
LeBron James,40,1,742,intercept_only,0.6834,0.2451,0.5714,0.5,0.014825,-,-,-,0.00022,0.0,0.244898
LeBron James,40,1,742,binned_EB,0.6431,0.2256,0.655,0.6648,0.038163,5.89,7.95,14.63,0.00237,0.021209,0.244898
LeBron James,40,1,742,logistic_RBF,0.6672,0.2349,0.6307,0.6377,0.089538,2.37,4.17,10.38,0.01059,0.019505,0.244898
LeBron James,40,1,742,gp_location,0.6586,0.2328,0.6307,0.6425,0.059672,3.63,5.03,10.38,0.006055,0.015285,0.244898
LeBron James,40,2,761,intercept_only,0.6832,0.245,0.5714,0.5,0.012014,-,-,-,0.000144,0.0,0.244898
LeBron James,40,2,761,binned_EB,0.6543,0.2308,0.6523,0.6346,0.058087,4.23,5.8,14.16,0.00718,0.020103,0.244898
LeBron James,40,2,761,logistic_RBF,0.6978,0.2447,0.6011,0.6126,0.084947,-2.14,0.12,5.19,0.012339,0.013235,0.244898
LeBron James,40,2,761,gp_location,0.6594,0.2331,0.6307,0.6329,0.069501,3.49,4.87,10.38,0.007322,0.015801,0.244898
LeBron James,40,3,755,intercept_only,0.6836,0.2452,0.5714,0.5,0.017975,-,-,-,0.000323,0.0,0.244898
LeBron James,40,3,755,binned_EB,0.6454,0.2266,0.6523,0.6438,0.017517,5.58,7.59,14.16,0.000875,0.0193,0.244898
LeBron James,40,3,755,logistic_RBF,0.6727,0.2346,0.6442,0.6334,0.074428,1.6,4.34,12.74,0.009829,0.020731,0.244898
LeBron James,40,3,755,gp_location,0.6582,0.2315,0.6307,0.635,0.072635,3.71,5.59,10.38,0.007037,0.019087,0.244898
LeBron James,40,4,787,intercept_only,0.6833,0.2451,0.5714,0.5,0.01434,-,-,-,0.000206,0.0,0.244898
LeBron James,40,4,787,binned_EB,0.6486,0.2278,0.655,0.6449,0.042383,5.07,7.05,14.63,0.005489,0.021903,0.244898
LeBron James,40,4,787,logistic_RBF,0.7005,0.2446,0.6092,0.6104,0.09774,-2.52,0.19,6.61,0.022327,0.023081,0.244898
LeBron James,40,4,787,gp_location,0.6611,0.2335,0.6253,0.6329,0.06327,3.24,4.74,9.44,0.005826,0.01561,0.244898
LeBron James,50,0,945,intercept_only,0.6835,0.2452,0.5714,0.5,0.016931,-,-,-,0.000287,0.0,0.244898
LeBron James,50,0,945,binned_EB,0.6467,0.2271,0.6496,0.6495,0.015794,5.38,7.38,13.68,0.000755,0.020528,0.244898
LeBron James,50,0,945,logistic_RBF,0.67,0.2349,0.655,0.6294,0.067701,1.98,4.21,14.63,0.012409,0.023558,0.244898
LeBron James,50,0,945,gp_location,0.6598,0.2324,0.6361,0.635,0.073366,3.46,5.22,11.33,0.007878,0.018605,0.244898
LeBron James,50,1,927,intercept_only,0.6832,0.245,0.5714,0.5,0.011096,-,-,-,0.000123,0.0,0.244898
LeBron James,50,1,927,binned_EB,0.6449,0.2263,0.6523,0.6542,0.029039,5.61,7.62,14.16,0.001304,0.01874,0.244898
LeBron James,50,1,927,logistic_RBF,0.67,0.2359,0.6361,0.6288,0.081493,1.93,3.7,11.33,0.010527,0.019582,0.244898
LeBron James,50,1,927,gp_location,0.6577,0.2319,0.6388,0.6348,0.052005,3.73,5.35,11.8,0.004064,0.017584,0.244898
LeBron James,50,2,967,intercept_only,0.6832,0.2451,0.5714,0.5,0.012853,-,-,-,0.000165,0.0,0.244898
LeBron James,50,2,967,binned_EB,0.6453,0.2264,0.6523,0.6523,0.025185,5.55,7.63,14.16,0.000868,0.021065,0.244898
LeBron James,50,2,967,logistic_RBF,0.6729,0.2373,0.628,0.6284,0.073801,1.5,3.19,9.91,0.010451,0.018984,0.244898
LeBron James,50,2,967,gp_location,0.6588,0.2326,0.6226,0.6369,0.056071,3.56,5.11,8.97,0.004488,0.015339,0.244898
LeBron James,50,3,938,intercept_only,0.6834,0.2452,0.5714,0.5,0.015991,-,-,-,0.000256,0.0,0.244898
LeBron James,50,3,938,binned_EB,0.65,0.2286,0.6523,0.6462,0.043705,4.88,6.76,14.16,0.002323,0.018679,0.244898
LeBron James,50,3,938,logistic_RBF,0.6669,0.2352,0.6496,0.6339,0.074498,2.41,4.06,13.68,0.010043,0.020449,0.244898
LeBron James,50,3,938,gp_location,0.6606,0.2331,0.6307,0.6333,0.058256,3.34,4.93,10.38,0.006633,0.018095,0.244898
LeBron James,50,4,951,intercept_only,0.6839,0.2454,0.5714,0.5,0.021631,-,-,-,0.000468,0.0,0.244898
LeBron James,50,4,951,binned_EB,0.6459,0.2268,0.6523,0.6551,0.03894,5.56,7.56,14.16,0.00191,0.019617,0.244898
LeBron James,50,4,951,logistic_RBF,0.6626,0.233,0.6604,0.6346,0.085684,3.11,5.05,15.57,0.010339,0.023443,0.244898
LeBron James,50,4,951,gp_location,0.6577,0.2321,0.628,0.638,0.041464,3.84,5.43,9.91,0.002891,0.013809,0.244898
Kevin Durant,10,0,174,intercept_only,0.7031,0.255,0.4986,0.5,0.07039,-,-,-,0.004955,0.0,0.249998
Kevin Durant,10,0,174,binned_EB,0.682,0.2442,0.5926,0.5669,0.07055,3.0,4.24,18.85,0.00651,0.01364,0.249998
Kevin Durant,10,0,174,logistic_RBF,0.8579,0.2839,0.5726,0.5881,0.151765,-22.02,-11.33,14.85,0.044641,0.007272,0.249998
Kevin Durant,10,0,174,gp_location,0.6943,0.2498,0.584,0.5726,0.100009,1.25,2.03,17.14,0.012312,0.01015,0.249998
Kevin Durant,10,1,161,intercept_only,0.7241,0.265,0.4986,0.5,0.122543,-,-,-,0.015017,0.0,0.249998
Kevin Durant,10,1,161,binned_EB,0.7131,0.2575,0.5926,0.5947,0.137686,1.52,2.82,18.85,0.02009,0.012507,0.249998
Kevin Durant,10,1,161,logistic_RBF,0.8559,0.2853,0.584,0.5727,0.150426,-18.2,-7.66,17.14,0.051098,0.015925,0.249998
Kevin Durant,10,1,161,gp_location,0.7153,0.2564,0.604,0.6029,0.113765,1.21,3.26,21.14,0.021666,0.01562,0.249998
Kevin Durant,10,2,194,intercept_only,0.7112,0.2589,0.4986,0.5,0.094208,-,-,-,0.008875,0.0,0.249998
Kevin Durant,10,2,194,binned_EB,0.7017,0.2533,0.5926,0.5696,0.118326,1.33,2.16,18.85,0.014671,0.012834,0.249998
Kevin Durant,10,2,194,logistic_RBF,0.8586,0.2879,0.5783,0.5569,0.174006,-20.73,-11.21,15.99,0.052735,0.014819,0.249998
Kevin Durant,10,2,194,gp_location,0.7086,0.2555,0.604,0.5886,0.12336,0.37,1.32,21.14,0.020384,0.016066,0.249998
Kevin Durant,10,3,170,intercept_only,0.6991,0.253,0.4986,0.5,0.054366,-,-,-,0.002956,0.0,0.249998
Kevin Durant,10,3,170,binned_EB,0.6991,0.253,0.4986,0.5757,0.054428,-0.0,0.02,-0.0,0.002962,0.0,0.249998
Kevin Durant,10,3,170,logistic_RBF,0.7518,0.27,0.5926,0.5467,0.156421,-7.54,-6.74,18.85,0.035653,0.017552,0.249998
Kevin Durant,10,3,170,gp_location,0.6943,0.2504,0.5698,0.5561,0.083737,0.68,1.03,14.28,0.013658,0.013933,0.249998
Kevin Durant,10,4,155,intercept_only,0.7514,0.2775,0.4986,0.5,0.165941,-,-,-,0.027536,0.0,0.249998
Kevin Durant,10,4,155,binned_EB,0.7564,0.2759,0.5926,0.5606,0.199476,-0.67,0.59,18.85,0.039932,0.015448,0.249998
Kevin Durant,10,4,155,logistic_RBF,1.0165,0.3149,0.5926,0.5684,0.25617,-35.28,-13.47,18.85,0.08394,0.018419,0.249998
Kevin Durant,10,4,155,gp_location,0.7497,0.271,0.5983,0.5889,0.182103,0.23,2.35,19.99,0.039094,0.017904,0.249998
Kevin Durant,20,0,354,intercept_only,0.7045,0.2556,0.4986,0.5,0.074871,-,-,-,0.005606,0.0,0.249998
Kevin Durant,20,0,354,binned_EB,0.6824,0.2445,0.5926,0.5977,0.071089,3.14,4.35,18.85,0.007665,0.012541,0.249998
Kevin Durant,20,0,354,logistic_RBF,0.7306,0.26,0.5783,0.5912,0.108671,-3.71,-1.73,15.99,0.021284,0.012215,0.249998
Kevin Durant,20,0,354,gp_location,0.6921,0.2486,0.5983,0.5952,0.088206,1.76,2.73,19.99,0.009388,0.011376,0.249998
Kevin Durant,20,1,330,intercept_only,0.6981,0.2525,0.4986,0.5,0.049909,-,-,-,0.002491,0.0,0.249998
Kevin Durant,20,1,330,binned_EB,0.6799,0.2434,0.5983,0.6052,0.051553,2.6,3.61,19.99,0.006582,0.014075,0.249998
Kevin Durant,20,1,330,logistic_RBF,0.7574,0.2716,0.5556,0.552,0.148861,-8.5,-7.57,11.42,0.031984,0.011419,0.249998
Kevin Durant,20,1,330,gp_location,0.7046,0.2544,0.5556,0.5635,0.070412,-0.93,-0.77,11.42,0.011393,0.006511,0.249998
Kevin Durant,20,2,351,intercept_only,0.7004,0.2536,0.4986,0.5,0.059829,-,-,-,0.00358,0.0,0.249998
Kevin Durant,20,2,351,binned_EB,0.682,0.2444,0.5926,0.5722,0.064324,2.63,3.64,18.85,0.008341,0.013992,0.249998
Kevin Durant,20,2,351,logistic_RBF,0.7553,0.2739,0.5499,0.5354,0.122356,-7.84,-7.99,10.28,0.03407,0.008741,0.249998
Kevin Durant,20,2,351,gp_location,0.6917,0.2489,0.5698,0.5768,0.06459,1.25,1.84,14.28,0.006802,0.007289,0.249998
Kevin Durant,20,3,346,intercept_only,0.7079,0.2573,0.4986,0.5,0.08524,-,-,-,0.007266,0.0,0.249998
Kevin Durant,20,3,346,binned_EB,0.6931,0.2489,0.5954,0.5954,0.091255,2.09,3.27,19.42,0.010007,0.01216,0.249998
Kevin Durant,20,3,346,logistic_RBF,0.7468,0.2678,0.5698,0.5613,0.115343,-5.49,-4.07,14.28,0.02827,0.009805,0.249998
Kevin Durant,20,3,346,gp_location,0.6972,0.2509,0.5926,0.5877,0.094601,1.51,2.48,18.85,0.011065,0.010731,0.249998
Kevin Durant,20,4,325,intercept_only,0.7051,0.2559,0.4986,0.5,0.076809,-,-,-,0.0059,0.0,0.249998
Kevin Durant,20,4,325,binned_EB,0.6867,0.2461,0.6097,0.5997,0.09989,2.6,3.82,22.28,0.011437,0.015906,0.249998
Kevin Durant,20,4,325,logistic_RBF,0.7708,0.2753,0.5812,0.5606,0.160217,-9.32,-7.6,16.57,0.040919,0.013991,0.249998
Kevin Durant,20,4,325,gp_location,0.7,0.252,0.5812,0.5886,0.081412,0.73,1.52,16.57,0.010345,0.00802,0.249998
Kevin Durant,30,0,504,intercept_only,0.7091,0.2579,0.4986,0.5,0.088726,-,-,-,0.007872,0.0,0.249998
Kevin Durant,30,0,504,binned_EB,0.689,0.2476,0.5926,0.5934,0.096203,2.84,4.01,18.85,0.010704,0.013826,0.249998
Kevin Durant,30,0,504,logistic_RBF,0.7188,0.2583,0.567,0.5985,0.12134,-1.37,-0.14,13.71,0.020535,0.011575,0.249998
Kevin Durant,30,0,504,gp_location,0.6945,0.2498,0.5926,0.6039,0.116709,2.06,3.12,18.85,0.017391,0.018165,0.249998
Kevin Durant,30,1,500,intercept_only,0.7073,0.257,0.4986,0.5,0.083425,-,-,-,0.00696,0.0,0.249998
Kevin Durant,30,1,500,binned_EB,0.6914,0.2489,0.5926,0.5445,0.102636,2.25,3.16,18.85,0.012263,0.014137,0.249998
Kevin Durant,30,1,500,logistic_RBF,0.7279,0.2618,0.5926,0.5677,0.135639,-2.91,-1.88,18.85,0.029441,0.016976,0.249998
Kevin Durant,30,1,500,gp_location,0.6904,0.2483,0.5897,0.6033,0.081743,2.38,3.39,18.28,0.008669,0.01127,0.249998
Kevin Durant,30,2,513,intercept_only,0.7104,0.2585,0.4986,0.5,0.092068,-,-,-,0.008476,0.0,0.249998
Kevin Durant,30,2,513,binned_EB,0.6926,0.2492,0.5926,0.5881,0.092322,2.51,3.58,18.85,0.012034,0.01378,0.249998
Kevin Durant,30,2,513,logistic_RBF,0.7244,0.2612,0.5698,0.5719,0.095921,-1.97,-1.06,14.28,0.017557,0.006787,0.249998
Kevin Durant,30,2,513,gp_location,0.6913,0.2483,0.5983,0.5914,0.096943,2.69,3.96,19.99,0.011788,0.013087,0.249998
Kevin Durant,30,3,504,intercept_only,0.7057,0.2562,0.4986,0.5,0.078805,-,-,-,0.00621,0.0,0.249998
Kevin Durant,30,3,504,binned_EB,0.6845,0.2455,0.5926,0.597,0.080276,3.0,4.17,18.85,0.008136,0.013036,0.249998
Kevin Durant,30,3,504,logistic_RBF,0.7388,0.2676,0.5783,0.5495,0.139191,-4.7,-4.46,15.99,0.03129,0.016984,0.249998
Kevin Durant,30,3,504,gp_location,0.6951,0.2499,0.5926,0.5742,0.088968,1.5,2.46,18.85,0.012852,0.012292,0.249998
Kevin Durant,30,4,502,intercept_only,0.7321,0.2687,0.4986,0.5,0.136883,-,-,-,0.018737,0.0,0.249998
Kevin Durant,30,4,502,binned_EB,0.7171,0.2603,0.5926,0.5733,0.145033,2.06,3.14,18.85,0.022954,0.013254,0.249998
Kevin Durant,30,4,502,logistic_RBF,0.7182,0.258,0.604,0.6276,0.178786,1.9,3.99,21.14,0.032723,0.022497,0.249998
Kevin Durant,30,4,502,gp_location,0.7042,0.2543,0.6011,0.6267,0.13957,3.81,5.35,20.57,0.021149,0.016912,0.249998
Kevin Durant,40,0,668,intercept_only,0.7095,0.2581,0.4986,0.5,0.089748,-,-,-,0.008055,0.0,0.249998
Kevin Durant,40,0,668,binned_EB,0.6952,0.2503,0.5869,0.5787,0.08919,2.01,3.02,17.71,0.009538,0.01053,0.249998
Kevin Durant,40,0,668,logistic_RBF,0.7206,0.2602,0.567,0.5659,0.094845,-1.56,-0.82,13.71,0.018767,0.005869,0.249998
Kevin Durant,40,0,668,gp_location,0.6958,0.2501,0.604,0.5837,0.11502,1.93,3.09,21.14,0.015397,0.015622,0.249998
Kevin Durant,40,1,698,intercept_only,0.7071,0.2569,0.4986,0.5,0.083086,-,-,-,0.006903,0.0,0.249998
Kevin Durant,40,1,698,binned_EB,0.6873,0.2468,0.5926,0.5937,0.086292,2.81,3.93,18.85,0.00931,0.012756,0.249998
Kevin Durant,40,1,698,logistic_RBF,0.7003,0.2504,0.6011,0.6075,0.095028,0.96,2.52,20.57,0.015841,0.014312,0.249998
Kevin Durant,40,1,698,gp_location,0.6843,0.2453,0.6011,0.6049,0.078951,3.22,4.51,20.57,0.00812,0.013633,0.249998
Kevin Durant,40,2,668,intercept_only,0.7124,0.2595,0.4986,0.5,0.097233,-,-,-,0.009454,0.0,0.249998
Kevin Durant,40,2,668,binned_EB,0.6925,0.2493,0.5926,0.581,0.099255,2.79,3.91,18.85,0.011711,0.013483,0.249998
Kevin Durant,40,2,668,logistic_RBF,0.7353,0.2642,0.5755,0.5619,0.104451,-3.22,-1.8,15.42,0.025601,0.012903,0.249998
Kevin Durant,40,2,668,gp_location,0.6942,0.2495,0.5983,0.5885,0.088677,2.56,3.85,19.99,0.009672,0.012541,0.249998
Kevin Durant,40,3,662,intercept_only,0.7134,0.2599,0.4986,0.5,0.099612,-,-,-,0.009923,0.0,0.249998
Kevin Durant,40,3,662,binned_EB,0.6983,0.2521,0.5926,0.5611,0.104115,2.11,3.02,18.85,0.012927,0.012805,0.249998
Kevin Durant,40,3,662,logistic_RBF,0.7187,0.2588,0.5783,0.585,0.112869,-0.75,0.44,15.99,0.022081,0.011655,0.249998
Kevin Durant,40,3,662,gp_location,0.696,0.2505,0.5983,0.6011,0.096023,2.44,3.61,19.99,0.012904,0.013072,0.249998
Kevin Durant,40,4,657,intercept_only,0.7147,0.2605,0.4986,0.5,0.102642,-,-,-,0.010535,0.0,0.249998
Kevin Durant,40,4,657,binned_EB,0.6939,0.2502,0.5926,0.6017,0.102042,2.91,3.96,18.85,0.013689,0.013843,0.249998
Kevin Durant,40,4,657,logistic_RBF,0.7266,0.2637,0.5556,0.5499,0.119901,-1.66,-1.23,11.42,0.024748,0.010581,0.249998
Kevin Durant,40,4,657,gp_location,0.6988,0.2522,0.5983,0.5784,0.135609,2.22,3.19,19.99,0.019032,0.016422,0.249998
Kevin Durant,50,0,840,intercept_only,0.7122,0.2593,0.4986,0.5,0.096663,-,-,-,0.009344,0.0,0.249998
Kevin Durant,50,0,840,binned_EB,0.6955,0.2507,0.5926,0.5523,0.099936,2.35,3.31,18.85,0.012,0.013475,0.249998
Kevin Durant,50,0,840,logistic_RBF,0.714,0.2585,0.5755,0.5674,0.115738,-0.25,0.31,15.42,0.018051,0.009881,0.249998
Kevin Durant,50,0,840,gp_location,0.6933,0.2495,0.604,0.596,0.112942,2.66,3.78,21.14,0.013937,0.015774,0.249998
Kevin Durant,50,1,829,intercept_only,0.7129,0.2597,0.4986,0.5,0.098529,-,-,-,0.009708,0.0,0.249998
Kevin Durant,50,1,829,binned_EB,0.696,0.2509,0.5926,0.5651,0.102672,2.37,3.4,18.85,0.011952,0.012774,0.249998
Kevin Durant,50,1,829,logistic_RBF,0.7101,0.2559,0.5755,0.5805,0.122097,0.39,1.45,15.42,0.02203,0.012409,0.249998
Kevin Durant,50,1,829,gp_location,0.6917,0.2486,0.6068,0.5925,0.110905,2.98,4.26,21.71,0.013669,0.015877,0.249998
Kevin Durant,50,2,834,intercept_only,0.7155,0.2609,0.4986,0.5,0.104542,-,-,-,0.010929,0.0,0.249998
Kevin Durant,50,2,834,binned_EB,0.6969,0.2514,0.5926,0.5666,0.11315,2.6,3.65,18.85,0.014501,0.014521,0.249998
Kevin Durant,50,2,834,logistic_RBF,0.7016,0.2524,0.6011,0.6018,0.127553,1.95,3.26,20.57,0.018783,0.014785,0.249998
Kevin Durant,50,2,834,gp_location,0.6922,0.2488,0.6068,0.5997,0.126427,3.26,4.63,21.71,0.016548,0.018057,0.249998
Kevin Durant,50,3,853,intercept_only,0.7133,0.2599,0.4986,0.5,0.099314,-,-,-,0.009863,0.0,0.249998
Kevin Durant,50,3,853,binned_EB,0.694,0.2499,0.5926,0.5843,0.10039,2.71,3.85,18.85,0.011339,0.013493,0.249998
Kevin Durant,50,3,853,logistic_RBF,0.7103,0.2559,0.5897,0.5785,0.105727,0.43,1.53,18.28,0.014828,0.01095,0.249998
Kevin Durant,50,3,853,gp_location,0.6911,0.2483,0.6011,0.5993,0.096242,3.11,4.47,20.57,0.010915,0.013223,0.249998
Kevin Durant,50,4,843,intercept_only,0.7082,0.2574,0.4986,0.5,0.086241,-,-,-,0.007437,0.0,0.249998
Kevin Durant,50,4,843,binned_EB,0.6909,0.2487,0.5926,0.5765,0.0899,2.44,3.37,18.85,0.011154,0.013262,0.249998
Kevin Durant,50,4,843,logistic_RBF,0.7182,0.26,0.5783,0.5524,0.128445,-1.42,-1.03,15.99,0.021221,0.011937,0.249998
Kevin Durant,50,4,843,gp_location,0.6943,0.2501,0.5983,0.5792,0.096805,1.96,2.83,19.99,0.011141,0.013002,0.249998
